name,description,director,actors,year,cover,original_name,url,genres_ids
Episode23 - الدرب,Episode23 - الدرب,الدرب,الدرب,2018,http://portal.suptv.me/stalker_portal/screenshots/31/3006.jpg,Episode23 - الدرب,http://vod.suptv.net:8800/vid.php?h=c2crYjhKRDJRajFkR2o4M0F6R1E5QyswL1kvZDNmbVo4cmUvQXFmUzRhdWxUOGduSU12TThHMXRMbWNYNHFpSjJzeGNsazltd3g3cEFQSVZic3VrZWc9PQ%3D%3D&t=MTUyODU3NzEzMg%3D%3D&z=6440e14554390e34cc9484c92b79d546a81c316c73e8&v=/home/Movies/ramadan/Derb/Derb-Episode23.mp4,ramadan
Episode22 - الدرب,Episode22 - الدرب,الدرب,الدرب,2018,http://portal.suptv.me/stalker_portal/screenshots/31/3005.jpg,Episode22 - الدرب,http://vod.suptv.net:8800/vid.php?h=djNBaEwwakcwTFRwcFJ3TUdSNldUd2NLckNmeThpSUVPZWNDeVRid0hFSmhDTEcrNCtrRDYrWE8vWHBmVjh6UHNIbkQyVmdVeGVGek9TUExQZjJDNUE9PQ%3D%3D&t=MTUyODQ2NTM3MQ%3D%3D&z=e7967d3333451f1d786ec2401d1e62a66dd1cbeff46f&v=/home/Movies/ramadan/Derb/Derb-Episode22.mp4,ramadan
Episode21 - الدرب,Episode21 - الدرب,الدرب,الدرب,2018,http://portal.suptv.me/stalker_portal/screenshots/31/3004.jpg,Episode21 - الدرب,http://vod.suptv.net:8800/vid.php?h=aGtPM1FoZ0l4VVc5c08vRlM0V01YMERtNStiZkFxbU9idWpjTWtpYTQvbUVjQlhJTFhGU3U1R2hhejZ0eUJmS0t4aG1JbDhOd3ZmOEY1TUhrZWdvRmc9PQ%3D%3D&t=MTUyODQ2NTM2OQ%3D%3D&z=7c2483f2e3481c633785318ebaa3d98b7ba93ba88e93&v=/home/Movies/ramadan/Derb/Derb-Episode21.mp4,ramadan
Episode20 - الدرب,Episode20 - الدرب,الدرب,الدرب,2018,http://portal.suptv.me/stalker_portal/screenshots/31/3003.jpg,Episode20 - الدرب,http://vod.suptv.net:8800/vid.php?h=MFlhSEhSV3dYRVpXOWNIcGQwT2FWSnp5WjlBelNhY2Y0QkR4aWNwcDhScnR0ZFgrMU9FSXkvaUMxcmVwUlZRSFdvcEJYWHlUSFRHTStmVDM5R3pJQkE9PQ%3D%3D&t=MTUyODQ2NTM2Nw%3D%3D&z=2bfdec303545558e9be5dec510bc027feb201290a4dd&v=/home/Movies/ramadan/Derb/Derb-Episode20.mp4,ramadan
Episode19 - الدرب,Episode19 - الدرب,الدرب,الدرب,2018,http://portal.suptv.me/stalker_portal/screenshots/31/3002.jpg,Episode19 - الدرب,http://vod.suptv.net:8800/vid.php?h=Nys4MStuY0h0TE9wa2hLK3RLL1dQakVaMjl3M1lydFJaT3VyaTR0MUJERFZwMXMrWkU2L29vaFpaN3hpcE84WmNUY0QvWWVqYTBJZkZnYU80Z2p1cnc9PQ%3D%3D&t=MTUyODQ2NTM2NQ%3D%3D&z=77706c255b670543d241c46a9a0b0771fe7ba258e0d7&v=/home/Movies/ramadan/Derb/Derb-Episode19.mp4,ramadan
Episode18 - الدرب,Episode18 - الدرب,الدرب,الدرب,2018,http://portal.suptv.me/stalker_portal/screenshots/31/3001.jpg,Episode18 - الدرب,http://vod.suptv.net:8800/vid.php?h=OE9lNUJsaEpJK21HbFdjU3daS0RhcFFBYmdxV1dQdnhEU0ZuQ2FybGc4N0djRU9LNnBDODZCVy8yRnZTVzIrY1IxdEtUbWF0SEtmUjA0ZDExT2l3K3c9PQ%3D%3D&t=MTUyODQ2NTM2Mw%3D%3D&z=f1e0f3bc86be3cfe41a2e89d3e8a2ef4a0c7fb8b6d68&v=/home/Movies/ramadan/Derb/Derb-Episode18.mp4,ramadan
Episode17 - الدرب,Episode17 - الدرب,الدرب,الدرب,2018,http://portal.suptv.me/stalker_portal/screenshots/30/3000.jpg,Episode17 - الدرب,http://vod.suptv.net:8800/vid.php?h=bktWRXErWG1HTE0wRW80d01IUGZlOUhpaEpDMG9LanNRK0JmT0Rzc0RBV2xXZ2NOcXZFTWlnT2NocnFKQk5UMjU2Q2ZDalpURmgyT1p1MXRSQU5jc0E9PQ%3D%3D&t=MTUyODQ2NTM2MQ%3D%3D&z=aaf28ebeb58957ed7a3785f89076938e7182a10e70b6&v=/home/Movies/ramadan/Derb/Derb-Episode17.mp4,ramadan
Episode16 - الدرب,Episode16 - الدرب,الدرب,الدرب,2018,http://portal.suptv.me/stalker_portal/screenshots/30/2999.jpg,Episode16 - الدرب,http://vod.suptv.net:8800/vid.php?h=TGUvMjI1U1BMc1piblhsRS8vWlFQNnZyblh5alUwUEYvbUJCOE9CZjk4eE5RbWp5NXdvb0I4SDgzVmdPK05wNlRtOTYzQjFwcjg5Z3hXWklKNEdUTkE9PQ%3D%3D&t=MTUyODQ2NTM1OQ%3D%3D&z=a0959657eda8f4a29ef30d258c97946b5bb96817de8d&v=/home/Movies/ramadan/Derb/Derb-Episode16.mp4,ramadan
Episode15 - الدرب,Episode15 - الدرب,الدرب,الدرب,2018,http://portal.suptv.me/stalker_portal/screenshots/30/2998.jpg,Episode15 - الدرب,http://vod.suptv.net:8800/vid.php?h=anZzc3hZVjBROStqU1F3VHI2OUl2ZU56R2xhWCtwS1ZnbVdjS25lUFd4SklRenV2djdqM1JwL1lYTHMyZmhXTTdWL3NnYWdjbUs4ampPMm1wM2xWNHc9PQ%3D%3D&t=MTUyODQ2NTM1Nw%3D%3D&z=dfc086d4af937f7c0e2feaca033618bb44b19dd32644&v=/home/Movies/ramadan/Derb/Derb-Episode15.mp4,ramadan
Episode14 - الدرب,Episode14 - الدرب,الدرب,الدرب,2018,http://portal.suptv.me/stalker_portal/screenshots/30/2997.jpg,Episode14 - الدرب,http://vod.suptv.net:8800/vid.php?h=QnByUWl3QVg3dXpzZE83d0g1UG9jRG9vVnM0Vkk3V0NqdUFVVGNPTTRvT0pkTGtqMlNFWkx5MFV0VFBOTVcrWXAwU3lsdm8xOEx3MU0zVUR0VmNVSmc9PQ%3D%3D&t=MTUyODQ2NTM1NQ%3D%3D&z=7442b74dca0dfded0233bca025f82e14b63dc24a3104&v=/home/Movies/ramadan/Derb/Derb-Episode14.mp4,ramadan
Episode13 - الدرب,Episode13 - الدرب,الدرب,الدرب,2018,http://portal.suptv.me/stalker_portal/screenshots/30/2996.jpg,Episode13 - الدرب,http://vod.suptv.net:8800/vid.php?h=RVA3b3o4RzdtcEJ5d1ZiajdYRU8rb1dybXNOeUhjSVBYbGlWZ3B2ZllpT3dyS3FnS21NNjRVWUNwckwzcU9TMllhVy9jdkhDc2UzYk9WQStIWXFFa3c9PQ%3D%3D&t=MTUyODQ2NTM1Mw%3D%3D&z=0bf36756c8781b0cf8dd4bfb10b26d76d59a66114af9&v=/home/Movies/ramadan/Derb/Derb-Episode13.mp4,ramadan
Episode12 - الدرب,Episode12 - الدرب,الدرب,الدرب,2018,http://portal.suptv.me/stalker_portal/screenshots/30/2995.jpg,Episode12 - الدرب,http://vod.suptv.net:8800/vid.php?h=WVpFV2lrU0ZybFYzb3o4ejFWZFR4cHFDdGN2Vzl4Y3g3aE5zZFJwWWUvSy8xbDlFTk1ZYzI0K2J4ZnRzYzA4S2VqZ2xFVmVBU05HWEhweU04dzVNeFE9PQ%3D%3D&t=MTUyODQ2NTM1MQ%3D%3D&z=a68212b613509ec36f7e1bfd4e3d1618565fe44847cb&v=/home/Movies/ramadan/Derb/Derb-Episode12.mp4,ramadan
Episode11 - الدرب,Episode11 - الدرب,الدرب,الدرب,2018,http://portal.suptv.me/stalker_portal/screenshots/30/2994.jpg,Episode11 - الدرب,http://vod.suptv.net:8800/vid.php?h=aGhlYkxsbEgwQk5WbTEzNUtpUUJBSmlzeVFkYUNRdTY0aVFXcDdPNTdOdWxxYmQwNlpYZitmN0VoVDJ6cjhmblcwTFJmWGkreTE0L3BYK01abzc2MVE9PQ%3D%3D&t=MTUyODQ2NTM0OQ%3D%3D&z=c32d6597b923be50d3b2d66e5e4f39757013525f0e46&v=/home/Movies/ramadan/Derb/Derb-Episode11.mp4,ramadan
Episode10 - الدرب,Episode10 - الدرب,الدرب,الدرب,2018,http://portal.suptv.me/stalker_portal/screenshots/30/2993.jpg,Episode10 - الدرب,http://vod.suptv.net:8800/vid.php?h=NlYzMGlYMEtEMXNucjRaZVl2RWkxUTRNaUJscjNrMWMyZ2FJbWRUdVdLZDFvMytsNDVWWDdFS050Z3o3ZGNVUElWWmkrL0tMOHIybncwT1ZFTitFSGc9PQ%3D%3D&t=MTUyODQ2NTM0Nw%3D%3D&z=560cdcbd4cc755bd7242419013cd20a737b6d943cbee&v=/home/Movies/ramadan/Derb/Derb-Episode10.mp4,ramadan
Episode9 - الدرب,Episode9 - الدرب,الدرب,الدرب,2018,http://portal.suptv.me/stalker_portal/screenshots/30/2992.jpg,Episode9 - الدرب,http://vod.suptv.net:8800/vid.php?h=VGVSclR3ZDJ3MTc3WFJNcDN4VXdkMzVEYXpIdnAzUnhhZWRkLzVSWmRLT3dTQlV6SGRIZVNOSDZXb1phODlkUVJKTE9xRll1YXJJSUJDMVZWamtJZXc9PQ%3D%3D&t=MTUyODQ2NTM0NQ%3D%3D&z=ae7bebd248ea7239a7726c15f00092bb5de28f26e7e5&v=/home/Movies/ramadan/Derb/Derb-Episode9.mp4,ramadan
Episode8 - الدرب,Episode8 - الدرب,الدرب,الدرب,2018,http://portal.suptv.me/stalker_portal/screenshots/30/2991.jpg,Episode8 - الدرب,http://vod.suptv.net:8800/vid.php?h=d2E5V254dnlpVWthRDJWU3FVRnAyaUxiTzVZaHRRRWNXOEFwREZTLzBaa1QwaFQxTmdybVV4R29wbHhIWWRoeFYvbUd0Ly9XZ3Z4Vy9IcHUxMDlLT0E9PQ%3D%3D&t=MTUyODQ2NTM0Mw%3D%3D&z=1e3a9f6f33e354046aef5932991612966fef0366d796&v=/home/Movies/ramadan/Derb/Derb-Episode8.mp4,ramadan
Episode7 - الدرب,Episode7 - الدرب,الدرب,الدرب,2018,http://portal.suptv.me/stalker_portal/screenshots/30/2990.jpg,Episode7 - الدرب,http://vod.suptv.net:8800/vid.php?h=Zk1JTnBxUlorQnZRdnlyRFBmTTZ3SUdITUczU25kVFBpK3hlU1JZK3lWY1NZNkR6RFhhdXd3U2NZdHo4Z0xLbFlXaXlqa3BNNWJZZll5YWp2RGhJWGc9PQ%3D%3D&t=MTUyODQ2NTM0MQ%3D%3D&z=52a9960a50705439828395906bd2f719b28f9f3a42fb&v=/home/Movies/ramadan/Derb/Derb-Episode7.mp4,ramadan
Episode6 - الدرب,Episode6 - الدرب,الدرب,الدرب,2018,http://portal.suptv.me/stalker_portal/screenshots/30/2989.jpg,Episode6 - الدرب,http://vod.suptv.net:8800/vid.php?h=SlZEWkxQUkI2V25XZTZoVk1yVVRIZVlSeWI1YjRwbjJEOVA5V1BOdWRHSHhnVWFzc3FYZW93V1VpR1dWK1gzQVZpN2hvbGxmdDE3bU00aDhVaTNUQmc9PQ%3D%3D&t=MTUyODQ2NTMzOQ%3D%3D&z=eb38eb7a42789d3755281e28ee27d63f0473fdeb1abe&v=/home/Movies/ramadan/Derb/Derb-Episode6.mp4,ramadan
Episode5 - الدرب,Episode5 - الدرب,الدرب,الدرب,2018,http://portal.suptv.me/stalker_portal/screenshots/30/2988.jpg,Episode5 - الدرب,http://vod.suptv.net:8800/vid.php?h=UUVxUjZMYTlRcm85cnpLT29vbHdVVG5TaFE5YjNWRGRVdlBKWmQydzZpTzJYSnZvbUM4ejNNNEtXZkhvZ1I0cTJhU2Y2aHlKM0czbzhVQVFOa2ozMFE9PQ%3D%3D&t=MTUyODQ2NTMzNw%3D%3D&z=4a22fc55fe837e91036a95d10f7772c364661cc6a5f7&v=/home/Movies/ramadan/Derb/Derb-Episode5.mp4,ramadan
Episode4 - الدرب,Episode4 - الدرب,الدرب,الدرب,2018,http://portal.suptv.me/stalker_portal/screenshots/30/2987.jpg,Episode4 - الدرب,http://vod.suptv.net:8800/vid.php?h=N0N2V0tzQlJpNmNCNDVXWDE2TEwreTkwZCszZzJGWkQzNmZkbTZRUE4zOE1WVzcyMlQwZjJpbVZQajF5TlRxV3MvMEdGd051dG00dCtjSS9pNFZQTWc9PQ%3D%3D&t=MTUyODQ2NTMzNQ%3D%3D&z=6716ba2deac3f8aff62647d1b48296be6e707848ebd7&v=/home/Movies/ramadan/Derb/Derb-Episode4.mp4,ramadan
Episode3 - الدرب,Episode3 - الدرب,الدرب,الدرب,2018,http://portal.suptv.me/stalker_portal/screenshots/30/2986.jpg,Episode3 - الدرب,http://vod.suptv.net:8800/vid.php?h=NVpCNUJUMDFST05RSlh5UGRIQ0c2NEQvanR2THJDaVFFQk1CaEw2VkVwWDloL0VJTERNNkpadnFJMzNYWGRqSWJBcUFYWmZqRGpRODNsWWdadGVPQXc9PQ%3D%3D&t=MTUyODQ2NTMzMw%3D%3D&z=27e9ea076622483e2ca3db56485be6b19f93125c175d&v=/home/Movies/ramadan/Derb/Derb-Episode3.mp4,ramadan
Episode2 - الدرب,Episode2 - الدرب,الدرب,الدرب,2018,http://portal.suptv.me/stalker_portal/screenshots/30/2985.jpg,Episode2 - الدرب,http://vod.suptv.net:8800/vid.php?h=TmdGa0tLVDJZUnpQd0pDMVNDaS9hVkgzSEk0dkswS0ZXMThKOVNpakowbGorUCttMmRvdXEyUzI0a05SNU9ZMGtNNmROQnBFQmtJNUJRMFBNbGZzVlE9PQ%3D%3D&t=MTUyODQ2NTMzMQ%3D%3D&z=0349f431e78cb690a1892136f30edc4e98c1fe21ea13&v=/home/Movies/ramadan/Derb/Derb-Episode2.mp4,ramadan
Episode1 - الدرب,Episode1 - الدرب,الدرب,الدرب,2018,http://portal.suptv.me/stalker_portal/screenshots/30/2984.jpg,Episode1 - الدرب,http://vod.suptv.net:8800/vid.php?h=dit6WGw3V25PNTBSMFV0RGgrRy80bitkK3gvNlNPalgwYUxvbjdUNC9HbG4rU0JtdGJFY3JQbHd0bmhUeTBLTWNETnhCS2ZCb0VaSjVnVHBMSHQwamc9PQ%3D%3D&t=MTUyODQ2NTMyOQ%3D%3D&z=9aab91bd2592a1b97b48c56b459e93cceed99ac02db0&v=/home/Movies/ramadan/Derb/Derb-Episode1.mp4,ramadan
Episode23 - كبور والحبيب 2,Episode23 - كبور والحبيب 2,كبور والحبيب,كبور والحبيب,2018,http://portal.suptv.me/stalker_portal/screenshots/31/3007.jpg,Episode23 - كبور والحبيب 2,http://vod.suptv.net:8800/vid.php?h=b2Zab2JwdU1GSGVKamQ1VXpCczc4U25SL3o3Umk5T3FLTUxlclBIMWlsWVRnRng1NGdGK3drc1hXL1hTODlkdnIxcmtiQ3M5UDNJemZtclpUMmhvaWc9PQ%3D%3D&t=MTUyODQ2MzUxNg%3D%3D&z=fb5b33b01671be756f6ce4cd87dc8551b38e7f5f4c88&v=ramadan/kabour-Episode23.mp4,ramadan
Episode22 - كبور والحبيب 2,Episode22 - كبور والحبيب 2,كبور والحبيب,كبور والحبيب,2018,http://portal.suptv.me/stalker_portal/screenshots/30/2983.jpg,Episode22 - كبور والحبيب 2,http://vod.suptv.net:8800/vid.php?h=b2Zab2JwdU1GSGVKamQ1VXpCczc4U25SL3o3Umk5T3FLTUxlclBIMWlsWVRnRng1NGdGK3drc1hXL1hTODlkdnIxcmtiQ3M5UDNJemZtclpUMmhvaWc9PQ%3D%3D&t=MTUyODQ2MzUxNg%3D%3D&z=fb5b33b01671be756f6ce4cd87dc8551b38e7f5f4c88&v=ramadan/kabour-Episode22.mp4,ramadan
Episode21 - كبور والحبيب 2,Episode21 - كبور والحبيب 2,كبور والحبيب,كبور والحبيب,2018,http://portal.suptv.me/stalker_portal/screenshots/30/2972.jpg,Episode21 - كبور والحبيب 2,http://vod.suptv.net:8800/vid.php?h=czdHdUw5dUhxK3BLR0Qwci9YNnQrSmZXYlAwRkQvSFlrQis3UkVaazcxend1OUIvelJmOWFzcGV2Y0R2UEpQRzlHZThyVE9DUEVxb2ZCRHlHT2p5RkE9PQ%3D%3D&t=MTUyODQ2MjY4NQ%3D%3D&z=74eb3ffdb51bef28c63479b141d51a5aa056bdccacd1&v=ramadan/kabour-Episode21.mp4,ramadan
Episode20 - كبور والحبيب 2,Episode20 - كبور والحبيب 2,كبور والحبيب,كبور والحبيب,2018,http://portal.suptv.me/stalker_portal/screenshots/30/2973.jpg,Episode20 - كبور والحبيب 2,http://vod.suptv.net:8800/vid.php?h=RklVclovTlUvWkxPeUkxempTQ1hBaXFqVWhiWE44RnhERFc3SWd5UVhZcERUbVpZYVNzc2lZZ3UzWHVPOGd2NXNDeWhvR2thbnlKam5jTXMzRXAxYkE9PQ%3D%3D&t=MTUyODQ2MjY4NQ%3D%3D&z=6e0ed0d83dfdd09d6583d3c58c325e3643239be3bc71&v=ramadan/kabour-Episode20.mp4,ramadan
Episode19 - كبور والحبيب 2,Episode19 - كبور والحبيب 2,كبور والحبيب,كبور والحبيب,2018,http://portal.suptv.me/stalker_portal/screenshots/30/2974.jpg,Episode19 - كبور والحبيب 2,http://vod.suptv.net:8800/vid.php?h=M2VYUEpUaGdpN2tyWk1nTTdvd2NsRVVpN2RpaGU1NDcwdk84TkJFb29md0dDMTZneVRPbzJvTGZyMEVxWjdBY3R0dm5Hc0s0VjRLejFkc0dNc0trTFE9PQ%3D%3D&t=MTUyODQ2MjY4NQ%3D%3D&z=d3ce303acce75b8450001ac60ad391d4cc05bf94318f&v=ramadan/kabour-Episode19.mp4,ramadan
Episode18 - كبور والحبيب 2,Episode18 - كبور والحبيب 2,كبور والحبيب,كبور والحبيب,2018,http://portal.suptv.me/stalker_portal/screenshots/30/2975.jpg,Episode18 - كبور والحبيب 2,http://vod.suptv.net:8800/vid.php?h=cjNWcDdwWm91bDJtZTJIVXlINVc0by8xdU1mOGVNckNTcmlVeHNxOGVvZm5qL2k0enFEUDFrNzUwcVdzOUE4M2c0SzUzdnRRZVV5SW83N0lvZkp2Unc9PQ%3D%3D&t=MTUyODQ2MjY4NQ%3D%3D&z=c4b1a17a586ce50ec347455ab8c23c6ed2406315bcb3&v=ramadan/kabour-Episode18.mp4,ramadan
Episode17 - كبور والحبيب 2,Episode17 - كبور والحبيب 2,كبور والحبيب,كبور والحبيب,2018,http://portal.suptv.me/stalker_portal/screenshots/30/2976.jpg,Episode17 - كبور والحبيب 2,http://vod.suptv.net:8800/vid.php?h=MUlvc2ZTZUxLUDRCSTlsTmEwMVJtRkwrb1VKb3NjOStmM3dEeGtZeWJnK09ZTEdnV1BVVVR2N2tHYzFpY3orN0wzb2ZzazNwcm9BL3NyK3c0eGdUZ1E9PQ%3D%3D&t=MTUyODQ2MjY4NQ%3D%3D&z=928576728d23e8b095bba6c5fc765c0afadfd80ada0b&v=ramadan/kabour-Episode17.mp4,ramadan
Episode16 - كبور والحبيب 2,Episode16 - كبور والحبيب 2,كبور والحبيب,كبور والحبيب,2018,http://portal.suptv.me/stalker_portal/screenshots/30/2977.jpg,Episode16 - كبور والحبيب 2,http://vod.suptv.net:8800/vid.php?h=bmlnWGtkcXJiRWRmRlZvRjRqaUZ0MnF0eHZyUG0yNmxMZnRkbTNpSHBxYWd6QUh5VVRaMHMyb2xNcS8xV0orRnJzdTN2QjZCeC9lYi84SEhIS0pyN0E9PQ%3D%3D&t=MTUyODQ2MjY4NQ%3D%3D&z=6e1c8e3b67bc0691b29db367715f1edc43cbf4b182f9&v=ramadan/kabour-Episode16.mp4,ramadan
Episode15 - كبور والحبيب 2,Episode15 - كبور والحبيب 2,كبور والحبيب,كبور والحبيب,2018,http://portal.suptv.me/stalker_portal/screenshots/30/2978.jpg,Episode15 - كبور والحبيب 2,http://vod.suptv.net:8800/vid.php?h=T3JEb29RZEtZZnBnakdmWnJScmgybnprVjlVVUR4ejJLUTZnZ2MzVlVheTliNVUzdjVzZmRZRUlhdXJXV3E0aWhKMk1VRHBla0tYOWZXRXE5R3E1Nmc9PQ%3D%3D&t=MTUyODQ2MjY4NQ%3D%3D&z=97e20f810f5bb56f0417900355f3646f85cbe6e59566&v=ramadan/kabour-Episode15.mp4,ramadan
Episode14 - كبور والحبيب 2,Episode14 - كبور والحبيب 2,كبور والحبيب,كبور والحبيب,2018,http://portal.suptv.me/stalker_portal/screenshots/30/2979.jpg,Episode14 - كبور والحبيب 2,http://vod.suptv.net:8800/vid.php?h=dmkybk82NTY1eThmWlI2cmJYRXRpYlVSY2ExL0pvM0I3NDA3WkRmaU4xU1kyTy8yT2dHVDM4U0hRNUQra0QzNjc4Qm5reE1TOHBJdUNVTFRJWjBLWGc9PQ%3D%3D&t=MTUyODQ2MjY4NQ%3D%3D&z=67931c953ca9d4a4802a6d2775fe3725b85e7ec637ad&v=ramadan/kabour-Episode14.mp4,ramadan
Episode13 - كبور والحبيب 2,Episode13 - كبور والحبيب 2,كبور والحبيب,كبور والحبيب,2018,http://portal.suptv.me/stalker_portal/screenshots/30/2980.jpg,Episode13 - كبور والحبيب 2,http://vod.suptv.net:8800/vid.php?h=NTBWaVRaTURiY1E2REhsSmhVOE80a21DOURmZWJMS2VYWHZ6VDMyRlQwNGxtNStrY0oyVVpNOTNxU2JCbW9tbXRyR1JuM3dReGhKYlpRcVExNXdZbGc9PQ%3D%3D&t=MTUyODQ2MjY4NA%3D%3D&z=eff9f33f42e87f4d06a15bfbb2ea4cd32e59d8397d9c&v=ramadan/kabour-Episode13.mp4,ramadan
Episode12 - كبور والحبيب 2,Episode12 - كبور والحبيب 2,كبور والحبيب,كبور والحبيب,2018,http://portal.suptv.me/stalker_portal/screenshots/30/2981.jpg,Episode12 - كبور والحبيب 2,http://vod.suptv.net:8800/vid.php?h=anVndFZjMjVKSHQ0cm9XQ3c5RGZnL2RPc2FqaGw0STNVOHFOUVFhOFBOL29uWHJYZjNwNEVORjJublh0N1Y0bDIrZjRqa1dxRW5hY3ZGTUVZRlZYL1E9PQ%3D%3D&t=MTUyODQ2MjY4Mg%3D%3D&z=3b631434deba4bfc1a02c87f0fe800f31eb485f13a8f&v=ramadan/kabour-Episode12.mp4,ramadan
Episode11 - كبور والحبيب 2,Episode11 - كبور والحبيب 2,كبور والحبيب,كبور والحبيب,2018,http://portal.suptv.me/stalker_portal/screenshots/30/2982.jpg,Episode11 - كبور والحبيب 2,http://vod.suptv.net:8800/vid.php?h=Wm5ueG93aHBaS2tKbmF0Yk4wK1NQYk1lNS8zVXMyYnZ2OVNaUVdCOVMwcmc0ckQ5U0Z5T0h3V25CaUhpNUtsci95aU11V3o3TWg4cG14cnZmUGM3UXc9PQ%3D%3D&t=MTUyODQ2MjY4Mg%3D%3D&z=a2606930091155a6ecaf0bdce6a99b8c22494f016845&v=ramadan/kabour-Episode11.mp4,ramadan
Episode10 - كبور والحبيب 2,كبور والحبيب,كبور والحبيب,كبور والحبيب,2018,http://portal.suptv.me/stalker_portal/screenshots/30/2960.jpg,Episode10 - كبور والحبيب 2,http://5.135.130.33:8800/vid.php?h=THZkbFJ6M0hXWWE3aHY5dWZoaW80RzhieDFYRTJQcHlvN2FQOXV6Z1I4dFUzQjlPMzFmTWo4eVhJaXU4WnVCMUJkNWkydXJmajVmbkI2L2NKL1JJTFE9PQ%3D%3D&t=MTUyMjg3OTU0OA%3D%3D&z=8c2fc9919809da56a9fa243615c2f2834d9323296cf5&v=ramadan/kabour-Episode10.mp4,ramadan
Episode9 - كبور والحبيب 2,كبور والحبيب,كبور والحبيب,كبور والحبيب,2018,http://portal.suptv.me/stalker_portal/screenshots/30/2959.jpg,Episode9 - كبور والحبيب 2,http://5.135.130.33:8800/vid.php?h=THZkbFJ6M0hXWWE3aHY5dWZoaW80RzhieDFYRTJQcHlvN2FQOXV6Z1I4dFUzQjlPMzFmTWo4eVhJaXU4WnVCMUJkNWkydXJmajVmbkI2L2NKL1JJTFE9PQ%3D%3D&t=MTUyMjg3OTU0OA%3D%3D&z=8c2fc9919809da56a9fa243615c2f2834d9323296cf5&v=ramadan/kabour-Episode9.mp4,ramadan
Episode8 - كبور والحبيب 2,كبور والحبيب,كبور والحبيب,كبور والحبيب,2018,http://portal.suptv.me/stalker_portal/screenshots/30/2958.jpg,Episode8 - كبور والحبيب 2,http://5.135.130.33:8800/vid.php?h=THZkbFJ6M0hXWWE3aHY5dWZoaW80RzhieDFYRTJQcHlvN2FQOXV6Z1I4dFUzQjlPMzFmTWo4eVhJaXU4WnVCMUJkNWkydXJmajVmbkI2L2NKL1JJTFE9PQ%3D%3D&t=MTUyMjg3OTU0OA%3D%3D&z=8c2fc9919809da56a9fa243615c2f2834d9323296cf5&v=ramadan/kabour-Episode8.mp4,ramadan
Episode7 - كبور والحبيب 2,كبور والحبيب,كبور والحبيب,كبور والحبيب,2018,http://portal.suptv.me/stalker_portal/screenshots/30/2957.jpg,Episode7 - كبور والحبيب 2,http://5.135.130.33:8800/vid.php?h=THZkbFJ6M0hXWWE3aHY5dWZoaW80RzhieDFYRTJQcHlvN2FQOXV6Z1I4dFUzQjlPMzFmTWo4eVhJaXU4WnVCMUJkNWkydXJmajVmbkI2L2NKL1JJTFE9PQ%3D%3D&t=MTUyMjg3OTU0OA%3D%3D&z=8c2fc9919809da56a9fa243615c2f2834d9323296cf5&v=ramadan/kabour-Episode7.mp4,ramadan
Episode6 - كبور والحبيب 2,كبور والحبيب,كبور والحبيب,كبور والحبيب,2018,http://portal.suptv.me/stalker_portal/screenshots/30/2956.jpg,Episode6 - كبور والحبيب 2,http://5.135.130.33:8800/vid.php?h=THZkbFJ6M0hXWWE3aHY5dWZoaW80RzhieDFYRTJQcHlvN2FQOXV6Z1I4dFUzQjlPMzFmTWo4eVhJaXU4WnVCMUJkNWkydXJmajVmbkI2L2NKL1JJTFE9PQ%3D%3D&t=MTUyMjg3OTU0OA%3D%3D&z=8c2fc9919809da56a9fa243615c2f2834d9323296cf5&v=ramadan/kabour-Episode6.mp4,ramadan
Episode5 - كبور والحبيب 2,كبور والحبيب,كبور والحبيب,كبور والحبيب,2018,http://portal.suptv.me/stalker_portal/screenshots/30/2955.jpg,Episode5 - كبور والحبيب 2,http://5.135.130.33:8800/vid.php?h=THZkbFJ6M0hXWWE3aHY5dWZoaW80RzhieDFYRTJQcHlvN2FQOXV6Z1I4dFUzQjlPMzFmTWo4eVhJaXU4WnVCMUJkNWkydXJmajVmbkI2L2NKL1JJTFE9PQ%3D%3D&t=MTUyMjg3OTU0OA%3D%3D&z=8c2fc9919809da56a9fa243615c2f2834d9323296cf5&v=ramadan/kabour-Episode5.mp4,ramadan
Episode4 - كبور والحبيب 2,كبور والحبيب,كبور والحبيب,كبور والحبيب,2018,http://portal.suptv.me/stalker_portal/screenshots/30/2954.jpg,Episode4 - كبور والحبيب 2,http://5.135.130.33:8800/vid.php?h=THZkbFJ6M0hXWWE3aHY5dWZoaW80RzhieDFYRTJQcHlvN2FQOXV6Z1I4dFUzQjlPMzFmTWo4eVhJaXU4WnVCMUJkNWkydXJmajVmbkI2L2NKL1JJTFE9PQ%3D%3D&t=MTUyMjg3OTU0OA%3D%3D&z=8c2fc9919809da56a9fa243615c2f2834d9323296cf5&v=ramadan/kabour-Episode4.mp4,ramadan
Episode3 - كبور والحبيب 2,كبور والحبيب,كبور والحبيب,كبور والحبيب,2018,http://portal.suptv.me/stalker_portal/screenshots/30/2953.jpg,Episode3 - كبور والحبيب 2,http://5.135.130.33:8800/vid.php?h=THZkbFJ6M0hXWWE3aHY5dWZoaW80RzhieDFYRTJQcHlvN2FQOXV6Z1I4dFUzQjlPMzFmTWo4eVhJaXU4WnVCMUJkNWkydXJmajVmbkI2L2NKL1JJTFE9PQ%3D%3D&t=MTUyMjg3OTU0OA%3D%3D&z=8c2fc9919809da56a9fa243615c2f2834d9323296cf5&v=ramadan/kabour-Episode3.mp4,ramadan
Episode2 - كبور والحبيب 2,كبور والحبيب,كبور والحبيب,كبور والحبيب,2018,http://portal.suptv.me/stalker_portal/screenshots/30/2951.jpg,Episode2 - كبور والحبيب 2,http://5.135.130.33:8800/vid.php?h=THZkbFJ6M0hXWWE3aHY5dWZoaW80RzhieDFYRTJQcHlvN2FQOXV6Z1I4dFUzQjlPMzFmTWo4eVhJaXU4WnVCMUJkNWkydXJmajVmbkI2L2NKL1JJTFE9PQ%3D%3D&t=MTUyMjg3OTU0OA%3D%3D&z=8c2fc9919809da56a9fa243615c2f2834d9323296cf5&v=ramadan/kabour-Episode2.mp4,ramadan
Episode1 - كبور والحبيب 2,كبور والحبيب,كبور والحبيب,كبور والحبيب,2018,http://portal.suptv.me/stalker_portal/screenshots/30/2952.jpg,Episode1 - كبور والحبيب 2,http://5.135.130.33:8800/vid.php?h=THZkbFJ6M0hXWWE3aHY5dWZoaW80RzhieDFYRTJQcHlvN2FQOXV6Z1I4dFUzQjlPMzFmTWo4eVhJaXU4WnVCMUJkNWkydXJmajVmbkI2L2NKL1JJTFE9PQ%3D%3D&t=MTUyMjg3OTU0OA%3D%3D&z=8c2fc9919809da56a9fa243615c2f2834d9323296cf5&v=ramadan/kabour-Episode1.mp4,ramadan
